Date,Max,Min
01-01-1900,10.34,9.93
02-01-1900,9.85,9.55
03-01-1900,9.39,8.8
04-01-1900,8.95,8.95
05-01-1900,8.53,8.3
06-01-1900,8.13,7.46
07-01-1900,8.2,7.7
08-01-1900,7.88,7.88
09-01-1900,7.51,7.22
10-01-1900,7.16,6.55
11-01-1900,7.09,6.73
12-01-1900,7.33,6.9
13-01-1900,7.44,7.21
14-01-1900,7.55,7.2
15-01-1900,8,7.47
16-01-1900,7.87,7.5
17-01-1900,7.52,7.11
18-01-1900,7.35,7.05
19-01-1900,7.16,7
20-01-1900,7.21,6.96
21-01-1900,7.25,6.96
22-01-1900,7.37,7
23-01-1900,7.22,6.83
24-01-1900,6.94,6.61
25-01-1900,6.86,6.55
26-01-1900,7.04,6.81
27-01-1900,7.09,6.96
28-01-1900,7.09,6.87
29-01-1900,6.94,6.76
30-01-1900,7.05,6.8
31-01-1900,7.13,6.83
01-02-1900,7.05,6.94
02-02-1900,7.26,6.89
03-02-1900,7.2,6.89
04-02-1900,7.3,7.06
05-02-1900,7.1,7.01
06-02-1900,7.11,6.96
07-02-1900,7.25,7.05
08-02-1900,7.4,7.13
09-02-1900,7.15,7.01
10-02-1900,7.12,6.95
11-02-1900,7.14,6.91
12-02-1900,7.11,6.85
13-02-1900,6.85,6.55
14-02-1900,6.99,6.7
15-02-1900,7.1,6.92
16-02-1900,7.14,6.92
17-02-1900,7.2,6.72
18-02-1900,7.23,7
19-02-1900,7.2,7.02
20-02-1900,7.21,6.88
21-02-1900,7.65,7.1
22-02-1900,7.41,7.12
23-02-1900,7.25,6.99
24-02-1900,7.5,7.04
25-02-1900,7.94,7.33
26-02-1900,7.65,7.47
27-02-1900,7.35,7.16
28-02-1900,7.17,6.85
29-02-1900,7.49,6.82
01-03-1900,7.17,6.99
02-03-1900,6.83,6.53
03-03-1900,6.66,6.3
04-03-1900,6.69,6.4
05-03-1900,6.47,6.11
06-03-1900,6.34,6.11
07-03-1900,6.38,6.26
08-03-1900,6.43,6.3
09-03-1900,6.55,6.35
10-03-1900,6.55,6.4
11-03-1900,6.59,6.26
12-03-1900,6.77,6.31
13-03-1900,6.61,6.3
14-03-1900,6.65,6.42
15-03-1900,6.74,6.5
16-03-1900,6.57,6.23
17-03-1900,6.4,6.12
18-03-1900,6.4,6.05
19-03-1900,6.2,5.93
20-03-1900,6.14,5.96
21-03-1900,6.22,6.04
22-03-1900,6.31,6.09
23-03-1900,6.35,6.01
24-03-1900,6.16,5.97
25-03-1900,6.21,5.95
26-03-1900,6.26,6
27-03-1900,6.09,5.87
28-03-1900,6.14,5.95
29-03-1900,6.24,5.97
30-03-1900,6.19,5.77
31-03-1900,6.06,5.7
01-04-1900,6.06,5.75
02-04-1900,6.35,6.03
03-04-1900,6.51,6.33
04-04-1900,6.83,6.62
05-04-1900,6.64,6.31
06-04-1900,6.56,6.24
07-04-1900,6.5,6.12
08-04-1900,6.76,6.35
09-04-1900,7.01,6.64
10-04-1900,6.97,6.7
11-04-1900,7.1,6.46
12-04-1900,7.24,6.62
13-04-1900,6.9,6.72
14-04-1900,6.58,6.25
15-04-1900,6.52,5.97
16-04-1900,6.55,6.27
17-04-1900,6.79,6.59
18-04-1900,7.38,6.92
19-04-1900,7.58,7.21
20-04-1900,7.64,7.27
21-04-1900,7.64,7.42
22-04-1900,7.96,7.37
23-04-1900,7.93,7.61
24-04-1900,8.15,7.93
25-04-1900,8.32,7.85
26-04-1900,8.21,7.81
27-04-1900,8.37,7.92
28-04-1900,8.63,8.22
29-04-1900,8.73,8.34
30-04-1900,8.83,8.17
01-05-1900,8.46,8.41
02-05-1900,9.45,8.85
03-05-1900,9.31,9.31
04-05-1900,8.87,8.87
05-05-1900,8.45,8.45
06-05-1900,8.05,7.47
07-05-1900,8,7.61
08-05-1900,8.09,7.61
09-05-1900,7.84,7.1
10-05-1900,7.7,7.47
11-05-1900,8.49,7.86
12-05-1900,8.27,8.03
13-05-1900,7.88,7.22
14-05-1900,7.52,6.87
15-05-1900,7.38,6.96
16-05-1900,7.37,7
17-05-1900,7.39,7.06
18-05-1900,7.18,6.77
19-05-1900,7.49,7.05
20-05-1900,7.4,7.06
21-05-1900,7.26,6.69
22-05-1900,7.34,6.88
23-05-1900,7.54,7
24-05-1900,7.6,7.05
25-05-1900,7.06,6.46
26-05-1900,6.49,5.93
27-05-1900,6.06,5.67
28-05-1900,5.8,5.67
29-05-1900,5.83,5.63
30-05-1900,6.14,5.61
31-05-1900,5.96,5.35
01-06-1900,5.51,5.4
02-06-1900,5.51,5.36
03-06-1900,5.58,5.41
04-06-1900,5.62,5.51
05-06-1900,5.68,5.49
06-06-1900,5.64,5.51
07-06-1900,5.74,5.52
08-06-1900,5.99,5.5
09-06-1900,6.38,5.65
10-06-1900,6.14,5.45
11-06-1900,5.59,5.1
12-06-1900,5.14,5
13-06-1900,5.12,4.96
14-06-1900,5.16,5.03
15-06-1900,5.31,5.01
16-06-1900,5.19,4.69
17-06-1900,5.05,4.52
18-06-1900,4.79,4.6
19-06-1900,4.78,4.7
20-06-1900,4.83,4.71
21-06-1900,4.7,4.53
22-06-1900,4.64,4.48
23-06-1900,4.66,4.52
24-06-1900,4.7,4.48
25-06-1900,4.6,4.36
26-06-1900,4.85,4.66
27-06-1900,4.85,4.65
28-06-1900,4.91,4.62
29-06-1900,4.98,4.62
30-06-1900,5.15,4.94
01-07-1900,5.14,4.96
02-07-1900,5.2,5
03-07-1900,5.21,4.95
04-07-1900,5.08,4.86
05-07-1900,5.22,4.85
06-07-1900,5.23,4.98
07-07-1900,5.63,5.23
08-07-1900,5.57,5.29
09-07-1900,5.7,5.39
10-07-1900,5.7,5.26
11-07-1900,5.7,5.42
12-07-1900,5.67,5.3
13-07-1900,5.51,5.1
14-07-1900,5.6,5.3
15-07-1900,5.75,5.46
16-07-1900,5.74,5.56
17-07-1900,5.68,5.55
18-07-1900,5.76,5.51
19-07-1900,5.75,5.59
20-07-1900,5.77,5.46
21-07-1900,5.8,5.6
22-07-1900,5.74,5.5
23-07-1900,5.8,5.53
24-07-1900,5.96,5.7
25-07-1900,6.03,5.84
26-07-1900,6.05,5.81
27-07-1900,5.9,5.53
28-07-1900,5.75,5.54
29-07-1900,5.48,5.3
30-07-1900,5.22,4.94
31-07-1900,5.19,4.92
01-08-1900,5.31,5.16
02-08-1900,5.5,5.22
03-08-1900,5.59,5.12
04-08-1900,5.87,5.53
05-08-1900,6.15,5.81
06-08-1900,6.3,6.06
07-08-1900,6.28,6.1
08-08-1900,6.23,6.01
09-08-1900,6.55,6.22
10-08-1900,6.82,6.5
11-08-1900,6.82,6.42
12-08-1900,7.07,6.75
13-08-1900,7.01,6.71
14-08-1900,6.94,6.35
15-08-1900,6.61,6.61
16-08-1900,6.3,6.15
17-08-1900,6.25,5.8
18-08-1900,6.32,5.72
19-08-1900,6.55,6.01
20-08-1900,6.78,6.29
21-08-1900,6.83,6.22
22-08-1900,6.74,6.46
23-08-1900,7.08,6.65
24-08-1900,7.05,6.45
25-08-1900,6.78,6.14
26-08-1900,6.46,6.46
27-08-1900,6.8,6.8
28-08-1900,7.15,7.15
29-08-1900,7.52,7.52
30-08-1900,8.68,7.91
31-08-1900,8.32,8.1
01-09-1900,7.93,7.55
02-09-1900,7.56,6.84
03-09-1900,7.21,6.9
04-09-1900,6.87,6.87
05-09-1900,6.55,6.51
06-09-1900,6.24,6
07-09-1900,5.95,5.95
08-09-1900,5.67,5.43
09-09-1900,5.4,5.1
10-09-1900,5.17,4.75
11-09-1900,5,4.64
12-09-1900,5.14,4.66
13-09-1900,4.95,4.53
14-09-1900,4.76,4.62
15-09-1900,4.54,4.45
16-09-1900,4.33,4
17-09-1900,4.13,4.13
18-09-1900,3.94,3.8
19-09-1900,3.76,3.51
20-09-1900,3.7,3.55
21-09-1900,3.71,3.51
22-09-1900,3.7,3.51
23-09-1900,3.78,3.55
24-09-1900,3.69,3.46
25-09-1900,3.6,3.45
26-09-1900,3.61,3.44
27-09-1900,3.5,3.38
28-09-1900,3.49,3.37
29-09-1900,3.53,3.41
30-09-1900,3.55,3.4
01-10-1900,3.54,3.3
02-10-1900,3.65,3.42
03-10-1900,3.84,3.58
04-10-1900,3.9,3.64
05-10-1900,3.85,3.49
06-10-1900,3.67,3.66
07-10-1900,3.5,3.46
08-10-1900,3.34,3.31
09-10-1900,3.19,3.1
10-10-1900,3.18,2.95
11-10-1900,3.1,2.91
12-10-1900,3.06,2.93
13-10-1900,3.26,3.04
14-10-1900,3.19,3.19
15-10-1900,3.5,3.35
16-10-1900,3.52,3.52
17-10-1900,3.7,3.7
18-10-1900,4.09,3.89
19-10-1900,4.09,3.96
20-10-1900,3.9,3.69
21-10-1900,3.72,3.5
22-10-1900,3.55,3.55
23-10-1900,3.23,2.97
24-10-1900,2.96,2.9
25-10-1900,2.95,2.87
26-10-1900,2.9,2.8
27-10-1900,2.83,2.71
28-10-1900,2.95,2.81
29-10-1900,2.93,2.82
30-10-1900,2.91,2.86
31-10-1900,2.98,2.84
01-11-1900,2.96,2.87
02-11-1900,2.99,2.93
03-11-1900,3,2.95
04-11-1900,3.21,2.95
05-11-1900,3.07,2.9
06-11-1900,2.94,2.86
07-11-1900,2.99,2.89
08-11-1900,3,2.92
09-11-1900,3.08,2.91
10-11-1900,3.1,2.95
11-11-1900,3.05,2.85
12-11-1900,3.07,2.94
13-11-1900,3.09,2.98
14-11-1900,3.25,3.02
15-11-1900,3.24,3.08
16-11-1900,3.29,3.23
17-11-1900,3.29,3.25
18-11-1900,3.34,3.22
19-11-1900,3.42,3.22
20-11-1900,3.35,3.25
21-11-1900,3.46,3.26
22-11-1900,3.4,3.25
23-11-1900,3.53,3.31
24-11-1900,3.41,3.28
25-11-1900,3.43,3.28
26-11-1900,3.69,3.43
27-11-1900,3.75,3.56
28-11-1900,3.84,3.57
29-11-1900,3.9,3.7
30-11-1900,3.94,3.8
01-12-1900,3.9,3.8
02-12-1900,3.97,3.85
03-12-1900,3.99,3.88
04-12-1900,4,3.9
05-12-1900,3.99,3.9
06-12-1900,3.98,3.84
07-12-1900,4.07,3.92
08-12-1900,4.16,3.96
09-12-1900,4.23,3.96
10-12-1900,4.04,3.71
11-12-1900,4,3.85
12-12-1900,4.31,4.05
13-12-1900,4.51,4.26
14-12-1900,4.6,4.35
15-12-1900,4.51,4.34
16-12-1900,4.55,4.41
17-12-1900,4.64,4.43
18-12-1900,4.55,4.36
19-12-1900,4.42,4.29
20-12-1900,4.52,4.3
21-12-1900,4.6,4.4
22-12-1900,4.54,4.27
23-12-1900,4.44,4.28
24-12-1900,4.48,4.3
25-12-1900,4.65,4.37
26-12-1900,4.67,4.48
27-12-1900,4.95,4.71
28-12-1900,4.98,4.7
29-12-1900,4.75,4.55
30-12-1900,4.53,4.18
31-12-1900,4.6,4.3
01-01-1901,4.88,4.45
02-01-1901,4.85,4.68
03-01-1901,5.3,4.9
04-01-1901,5.5,5.06
05-01-1901,5.32,4.82
06-01-1901,5.07,5.07
07-01-1901,5.33,5.33
08-01-1901,6.19,5.61
09-01-1901,5.9,5.9
10-01-1901,5.62,5.62
11-01-1901,5.36,5.36
12-01-1901,5.11,5.11
13-01-1901,4.87,4.76
14-01-1901,4.65,4.39
15-01-1901,4.51,4.32
16-01-1901,4.95,4.49
17-01-1901,4.72,4.64
18-01-1901,4.5,4.29
19-01-1901,4.29,3.99
20-01-1901,4.09,3.71
21-01-1901,3.9,3.9
22-01-1901,4.1,4.1
23-01-1901,4.47,4.31
24-01-1901,4.53,4.53
25-01-1901,4.76,4.6
26-01-1901,4.54,4.29
27-01-1901,4.33,3.94
28-01-1901,3.94,3.94
29-01-1901,3.59,3.55
30-01-1901,3.27,3.2
31-01-1901,3.12,3.04
01-02-1901,3.01,2.93
02-02-1901,2.97,2.86
03-02-1901,2.84,2.77
04-02-1901,2.87,2.8
05-02-1901,2.81,2.71
06-02-1901,2.8,2.67
07-02-1901,3.01,2.74
08-02-1901,2.88,2.86
09-02-1901,2.75,2.65
10-02-1901,2.63,2.53
11-02-1901,2.65,2.5
12-02-1901,2.67,2.57
13-02-1901,2.65,2.56
14-02-1901,2.6,2.56
15-02-1901,2.63,2.49
16-02-1901,2.73,2.47
17-02-1901,2.6,2.6
18-02-1901,2.48,2.3
19-02-1901,2.46,2.35
20-02-1901,2.54,2.45
21-02-1901,2.59,2.48
22-02-1901,2.72,2.59
23-02-1901,2.74,2.63
24-02-1901,2.75,2.61
25-02-1901,2.72,2.62
26-02-1901,2.75,2.75
27-02-1901,2.89,2.89
28-02-1901,3.19,3.04
01-03-1901,3.37,3.05
02-03-1901,3.21,3.18
03-03-1901,3.06,3.05
04-03-1901,2.92,2.87
05-03-1901,2.79,2.68
06-03-1901,2.66,2.5
07-03-1901,2.54,2.4
08-03-1901,2.42,2.42
09-03-1901,2.31,2.31
10-03-1901,2.2,2.15
11-03-1901,2.1,2.1
12-03-1901,2,1.99
13-03-1901,1.96,1.85
14-03-1901,1.87,1.82
15-03-1901,1.8,1.65
16-03-1901,1.8,1.72
17-03-1901,1.88,1.79
18-03-1901,1.93,1.84
19-03-1901,1.98,1.85
20-03-1901,1.95,1.9
21-03-1901,2.09,1.94
22-03-1901,2.1,2.01
23-03-1901,2.14,2.01
24-03-1901,2.16,2.08
25-03-1901,2.23,2.18
26-03-1901,2.31,2.21
27-03-1901,2.37,2.16
28-03-1901,2.45,2.35
29-03-1901,2.6,2.4
30-03-1901,2.81,2.53
31-03-1901,2.9,2.7
01-04-1901,2.95,2.79
02-04-1901,2.78,2.56
03-04-1901,2.84,2.66
04-04-1901,2.95,2.71
05-04-1901,3,2.47
06-04-1901,2.73,2.54
07-04-1901,2.49,2.46
08-04-1901,2.3,2.22
09-04-1901,2.33,2.22
10-04-1901,2.4,2.27
11-04-1901,2.48,2.28
12-04-1901,2.36,2.22
13-04-1901,2.99,2.45
14-04-1901,2.72,2.5
15-04-1901,2.51,2.25
16-04-1901,2.31,2.24
17-04-1901,2.28,2.14
18-04-1901,2.3,2.2
19-04-1901,2.44,2.3
20-04-1901,2.49,2.39
21-04-1901,2.5,2.37
22-04-1901,2.45,2.35
23-04-1901,2.49,2.4
24-04-1901,2.49,2.4
25-04-1901,2.4,2.36
26-04-1901,2.48,2.42
27-04-1901,2.54,2.46
28-04-1901,2.58,2.5
29-04-1901,2.6,2.48
30-04-1901,2.58,2.43
01-05-1901,2.52,2.43
02-05-1901,2.68,2.5
03-05-1901,2.59,2.52
04-05-1901,2.47,2.3
05-05-1901,2.49,2.36
06-05-1901,2.6,2.37
07-05-1901,2.75,2.63
08-05-1901,2.92,2.92
09-05-1901,3.55,3.24
10-05-1901,3.6,3.45
11-05-1901,3.28,2.75
12-05-1901,2.74,2.48
13-05-1901,2.29,1.92
14-05-1901,1.93,1.85
15-05-1901,1.89,1.81
16-05-1901,1.95,1.8
17-05-1901,2.01,1.96
18-05-1901,2.06,1.95
19-05-1901,2.05,2
20-05-1901,2.05,2
21-05-1901,2.12,2
22-05-1901,2.03,1.96
23-05-1901,2.05,1.98
24-05-1901,2.05,1.92
25-05-1901,2.09,2.02
26-05-1901,2.15,2.06
27-05-1901,2.11,2
28-05-1901,2.2,2.08
29-05-1901,2.23,2.08
30-05-1901,2.25,2.17
31-05-1901,2.4,2.21
01-06-1901,2.31,2.18
02-06-1901,2.29,2.24
03-06-1901,2.33,2.24
04-06-1901,2.34,2.25
05-06-1901,2.35,2.25
06-06-1901,2.32,2
07-06-1901,2.34,2.21
08-06-1901,2.45,2.24
09-06-1901,2.39,2.33
10-06-1901,2.44,2.35
11-06-1901,2.45,2.35
12-06-1901,2.45,2.36
13-06-1901,2.48,2.36
14-06-1901,2.55,2.4
15-06-1901,2.55,2.15
16-06-1901,2.73,2.5
17-06-1901,2.88,2.67
18-06-1901,2.99,2.8
19-06-1901,3.1,2.87
20-06-1901,3.15,2.78
21-06-1901,2.94,2.81
22-06-1901,2.99,2.81
23-06-1901,3,2.71
24-06-1901,2.78,2.65
25-06-1901,2.73,2.64
26-06-1901,2.81,2.6
27-06-1901,2.67,2.55
28-06-1901,2.69,2.56
29-06-1901,2.74,2.5
30-06-1901,2.79,2.58
01-07-1901,2.85,2.6
02-07-1901,2.8,2.51
03-07-1901,2.59,2.41
04-07-1901,2.55,2.42
05-07-1901,2.6,2.43
06-07-1901,2.8,2.45
07-07-1901,2.9,2.68
08-07-1901,2.7,2.4
09-07-1901,2.41,2.3
10-07-1901,2.47,2.24
11-07-1901,2.55,2.45
12-07-1901,2.48,2.3
13-07-1901,2.34,2.07
14-07-1901,2.39,2.06
15-07-1901,2.55,2.22
16-07-1901,2.79,2.46
17-07-1901,2.97,2.77
18-07-1901,3.04,2.9
19-07-1901,3.15,2.96
20-07-1901,3.35,3.08
21-07-1901,3.09,2.9
22-07-1901,3.05,2.9
23-07-1901,3.09,3.01
24-07-1901,3.14,3.02
25-07-1901,3.15,3.01
26-07-1901,3.14,3.04
27-07-1901,3.2,3.04
28-07-1901,3.05,2.81
29-07-1901,3.18,2.77
30-07-1901,3.57,3.1
31-07-1901,3.6,3.5
01-08-1901,3.66,3.44
02-08-1901,3.76,3.47
03-08-1901,3.84,3.65
04-08-1901,4.13,3.64
05-08-1901,4.33,4.06
06-08-1901,4.35,4.15
07-08-1901,4.26,4.13
08-08-1901,4.23,4
09-08-1901,4.29,4.12
10-08-1901,4.44,4.24
11-08-1901,4.48,4.34
12-08-1901,4.5,4.23
13-08-1901,4.46,4.12
14-08-1901,4.38,4.06
15-08-1901,4.56,4.15
16-08-1901,4.53,4.12
17-08-1901,4.1,3.85
18-08-1901,4.2,3.9
19-08-1901,4.34,4.1
20-08-1901,4.33,4.1
21-08-1901,4.35,4.11
22-08-1901,4.37,4.1
23-08-1901,4.44,4.03
24-08-1901,4.86,4.4
25-08-1901,4.99,4.55
26-08-1901,4.78,3.95
27-08-1901,4.1,3.65
28-08-1901,4.11,3.91
29-08-1901,4.24,4.1
30-08-1901,4.38,4.16
31-08-1901,4.49,4.26
01-09-1901,4.45,4.3
02-09-1901,4.6,4.26
03-09-1901,4.74,4.46
04-09-1901,5,4.79
05-09-1901,5.1,4.9
06-09-1901,5.15,4.85
07-09-1901,5,4.71
08-09-1901,4.79,4.32
09-09-1901,4.88,4.55
10-09-1901,5.19,4.81
11-09-1901,5.26,4.81
12-09-1901,5.08,4.77
13-09-1901,5.24,4.88
14-09-1901,5.45,5
15-09-1901,5.6,5.2
16-09-1901,6.26,5.24
17-09-1901,5.96,5.06
18-09-1901,5.3,4.54
19-09-1901,5.22,4.8
20-09-1901,4.71,3.85
21-09-1901,4.2,3.02
22-09-1901,3.74,3.3
23-09-1901,4.18,3.46
24-09-1901,4.23,4.03
25-09-1901,4.35,4.04
26-09-1901,4.44,4.18
27-09-1901,4.85,4.43
28-09-1901,4.92,4.22
29-09-1901,5.36,3.95
30-09-1901,5.45,5.14
01-10-1901,5.61,5.16
02-10-1901,5.7,5.4
03-10-1901,5.54,5.45
04-10-1901,5.76,5.4
05-10-1901,5.91,5.38
06-10-1901,5.6,5.31
07-10-1901,5.73,5.48
08-10-1901,5.99,5.52
09-10-1901,5.84,5.33
10-10-1901,5.99,5.15
11-10-1901,5.72,5.4
12-10-1901,6.22,5.4
13-10-1901,5.94,5.3
14-10-1901,5.34,5.13
15-10-1901,5.37,5.06
16-10-1901,5.86,5.18
17-10-1901,5.93,5.33
18-10-1901,6.43,5.5
19-10-1901,6.5,5.49
20-10-1901,5.95,5.35
21-10-1901,6.31,5.93
22-10-1901,6.73,6.3
23-10-1901,6.73,6.51
24-10-1901,6.86,6.7
25-10-1901,6.9,6.66
26-10-1901,7.29,6.8
27-10-1901,7.41,6.92
28-10-1901,7.48,7.01
29-10-1901,7.47,7.05
30-10-1901,7.4,6.55
31-10-1901,7.04,6.72
01-11-1901,7.53,7.02
02-11-1901,7.7,7.28
03-11-1901,7.89,7.25
04-11-1901,7.41,6.7
05-11-1901,6.83,6.53
06-11-1901,6.9,6.66
07-11-1901,6.78,6.56
08-11-1901,6.92,6.56
09-11-1901,6.79,6.57
10-11-1901,6.83,6.24
11-11-1901,7.2,6.46
12-11-1901,6.98,6.12
13-11-1901,6.45,6
14-11-1901,6.59,6.02
15-11-1901,6.75,6.43
16-11-1901,6.86,6.6
17-11-1901,6.9,6.4
18-11-1901,6.64,6.37
19-11-1901,7.01,6.62
20-11-1901,7.03,6.64
21-11-1901,7.25,6.83
22-11-1901,7.23,6.8
23-11-1901,7.1,6.71
24-11-1901,7.19,6.8
25-11-1901,7.25,6.71
26-11-1901,7.6,7
27-11-1901,7.79,7.28
28-11-1901,7.61,6.31
29-11-1901,7.98,6.81
30-11-1901,8.4,7.54
01-12-1901,7.6,5.95
02-12-1901,6,5.75
03-12-1901,5.9,5.52
04-12-1901,6.16,5.4
05-12-1901,5.62,5.22
06-12-1901,6.06,5.08
07-12-1901,6.15,4.5
08-12-1901,4.61,3.62
09-12-1901,3.7,3.55
10-12-1901,3.58,3.42
11-12-1901,3.56,3.36
12-12-1901,3.54,3.35
13-12-1901,3.55,3.26
14-12-1901,3.63,3.32
15-12-1901,3.6,3.34
16-12-1901,3.78,3.25
17-12-1901,4,3.6
18-12-1901,4.1,3.85
19-12-1901,3.99,3.45
20-12-1901,4.75,2.7
21-12-1901,4.92,4.68
22-12-1901,5.01,4.72
23-12-1901,4.99,4.53
24-12-1901,5.04,4.92
25-12-1901,5.04,4.92
26-12-1901,5.1,4.8
27-12-1901,5.19,5.05
28-12-1901,5.19,5.1
29-12-1901,5.23,5.1
30-12-1901,5.29,5.16
31-12-1901,5.32,5.21
01-01-1902,5.33,5.2
02-01-1902,5.34,5.26
03-01-1902,5.38,5.27
04-01-1902,5.36,5.24
05-01-1902,5.35,5.25
06-01-1902,5.45,5.31
07-01-1902,5.5,5.31
08-01-1902,5.4,5.25
09-01-1902,5.44,5.32
10-01-1902,5.53,5.33
11-01-1902,5.49,5.16
12-01-1902,5.42,5.3
13-01-1902,5.5,5.33
14-01-1902,5.51,5.37
15-01-1902,5.46,5.4
16-01-1902,5.5,5.41
17-01-1902,5.52,5.39
18-01-1902,5.53,5.26
19-01-1902,5.57,5.46
20-01-1902,5.65,5.45
21-01-1902,5.58,5.36
22-01-1902,5.5,5.35
23-01-1902,5.47,5.25
24-01-1902,5.39,5.27
25-01-1902,5.38,5.25
26-01-1902,5.45,5.21
27-01-1902,5.35,5.21
28-01-1902,5.35,5.01
29-01-1902,5.18,5
30-01-1902,5.27,5.04
31-01-1902,5.25,5.1
01-02-1902,5.49,5.23
02-02-1902,5.72,5.4
03-02-1902,5.67,5.15
04-02-1902,5.2,5.11
05-02-1902,5.49,4.99
06-02-1902,5.68,5.4
07-02-1902,5.67,5.43
08-02-1902,5.61,5.26
09-02-1902,5.71,5.5
10-02-1902,5.66,5.43
11-02-1902,5.55,5.32
12-02-1902,5.72,5.36
13-02-1902,5.75,5.6
14-02-1902,5.84,5.6
15-02-1902,6.05,5.78
16-02-1902,6.18,5.9
17-02-1902,6.29,6
18-02-1902,6.24,6.1
19-02-1902,6.27,6.06
20-02-1902,6.39,6.05
21-02-1902,6.4,6.21
22-02-1902,6.5,6.27
23-02-1902,6.39,6.22
24-02-1902,6.34,6.15
25-02-1902,6.4,6.18
26-02-1902,6.38,5.85
27-02-1902,6.11,5.8
28-02-1902,6.13,5.92
01-03-1902,6.25,5.97
02-03-1902,6.24,5.8
03-03-1902,6.05,5.8
04-03-1902,6.15,5.82
05-03-1902,6.62,6
06-03-1902,6.49,6.25
07-03-1902,6.24,5.74
08-03-1902,6,5.57
09-03-1902,5.73,5.45
10-03-1902,5.82,5.32
11-03-1902,5.59,5.28
12-03-1902,5.75,5.28
13-03-1902,5.84,5.4
14-03-1902,5.93,5.6
15-03-1902,6.27,5.53
16-03-1902,5.7,5.05
17-03-1902,6.09,5.38
18-03-1902,6.28,5.95
19-03-1902,6.43,5.96
20-03-1902,6.55,6.01
21-03-1902,6.9,6.45
22-03-1902,7.25,6.5
23-03-1902,7.47,7.07
24-03-1902,7.83,7.18
25-03-1902,8.05,6.95
26-03-1902,7.12,6.95
27-03-1902,7.14,6.81
28-03-1902,7.2,6.89
29-03-1902,7.25,7
30-03-1902,7.2,6.9
31-03-1902,6.99,6.81
01-04-1902,6.97,6.66
02-04-1902,7.2,6.85
03-04-1902,7.25,7.1
04-04-1902,7.25,7.1
05-04-1902,7.3,7
06-04-1902,7.27,7.16
07-04-1902,7.2,7.06
08-04-1902,7.25,7.1
09-04-1902,7.24,7.11
10-04-1902,7.28,7.15
11-04-1902,7.3,7.14
12-04-1902,7.33,7.13
13-04-1902,7.34,7.2
14-04-1902,7.3,7.1
15-04-1902,7.28,7.14
16-04-1902,7.46,7.11
17-04-1902,7.62,7.29
18-04-1902,7.59,7.13
19-04-1902,7.38,7.11
20-04-1902,7.53,7.14
21-04-1902,7.75,7.26
22-04-1902,8.12,7.86
23-04-1902,8.03,7.65
24-04-1902,7.94,7.65
25-04-1902,8.06,7.8
26-04-1902,8.26,7.72
27-04-1902,8,7.68
28-04-1902,8.24,7.7
29-04-1902,8.69,7.97
30-04-1902,8.6,7.35
01-05-1902,7.49,7.05
02-05-1902,7.12,6.94
03-05-1902,7.1,6.85
04-05-1902,7.29,6.95
05-05-1902,7.28,7
06-05-1902,7.46,6.96
07-05-1902,7.58,7.35
08-05-1902,7.67,7.35
09-05-1902,7.6,7.48
10-05-1902,7.65,7.5
11-05-1902,7.66,7.46
12-05-1902,7.54,7.35
13-05-1902,7.6,7.3
14-05-1902,7.6,7.4
15-05-1902,7.55,7.25
16-05-1902,7.6,7.3
17-05-1902,7.72,7.35
18-05-1902,7.55,7.25
19-05-1902,7.72,7.46
20-05-1902,7.87,7.61
21-05-1902,8.16,7.64
22-05-1902,7.79,7.44
23-05-1902,7.82,7.6
24-05-1902,7.85,7.72
25-05-1902,7.89,7.71
26-05-1902,8.02,7.85
27-05-1902,8.37,7.91
28-05-1902,8.3,7.98
29-05-1902,8.36,8.1
30-05-1902,8.52,8.2
31-05-1902,8.72,8.33
01-06-1902,8.59,7.96
02-06-1902,8.3,7.91
03-06-1902,8.62,7.72
04-06-1902,8.28,7.78
05-06-1902,8.68,7.95
06-06-1902,8.9,8.26
07-06-1902,9.36,8.75
08-06-1902,9.63,9.3
09-06-1902,9.86,9.41
10-06-1902,9.75,9.03
11-06-1902,9.2,8.98
12-06-1902,9.1,8.92
13-06-1902,9.17,8.75
14-06-1902,8.95,8.7
15-06-1902,8.96,8.61
16-06-1902,9.45,8.81
17-06-1902,9.65,8.9
18-06-1902,9.2,8.7
19-06-1902,9.8,8.58
20-06-1902,9.92,8.51
21-06-1902,10.1,9.68
22-06-1902,10.37,9.96
23-06-1902,10.4,10.12
24-06-1902,10.7,10.03
25-06-1902,10.74,10.51
26-06-1902,10.68,10.52
27-06-1902,10.9,10.5
28-06-1902,10.97,10.76
29-06-1902,11.03,10.81
30-06-1902,11,10.65
01-07-1902,11.06,10.65
02-07-1902,11.21,10.88
03-07-1902,11.52,11.21
04-07-1902,11.79,11.2
05-07-1902,11.73,11.44
06-07-1902,12,11.66
07-07-1902,11.95,11.67
08-07-1902,11.85,11.66
09-07-1902,11.85,11.62
10-07-1902,12.1,11.8
11-07-1902,12.2,11.91
12-07-1902,12.3,12.04
13-07-1902,12.39,12.05
14-07-1902,12.22,12
15-07-1902,12.18,11.45
16-07-1902,11.82,11.58
17-07-1902,11.93,11.43
18-07-1902,11.79,11.01
19-07-1902,11.22,10.76
20-07-1902,11.29,10.66
21-07-1902,11.51,11.1
22-07-1902,11.14,10.8
23-07-1902,10.99,10.75
24-07-1902,11.39,11.17
25-07-1902,11.49,11.27
26-07-1902,11.54,11.17
27-07-1902,11.88,11.2
28-07-1902,12.18,11.6
29-07-1902,11.75,11.45
30-07-1902,11.65,11.32
31-07-1902,11.73,11.25
01-08-1902,11.4,11.06
02-08-1902,11.5,10.96
03-08-1902,11.62,10.63
04-08-1902,12.15,11.41
05-08-1902,12.72,12.06
06-08-1902,12.77,12.48
07-08-1902,12.98,12.7
08-08-1902,12.92,12.7
09-08-1902,13.1,12.8
10-08-1902,13.18,12.95
11-08-1902,13.05,12.46
12-08-1902,12.93,12.51
13-08-1902,13.19,12.91
14-08-1902,13.15,12.95
15-08-1902,13.25,12.86
16-08-1902,13.34,13.06
17-08-1902,13.6,13.03
18-08-1902,13.7,13.31
19-08-1902,13.88,13.06
20-08-1902,13.6,12.9
21-08-1902,13.39,13.07
22-08-1902,13.2,12.96
23-08-1902,13,12.1
24-08-1902,13.55,12.68
25-08-1902,14.45,13.42
26-08-1902,15.09,14.39
27-08-1902,14.75,14.5
28-08-1902,14.8,14.45
29-08-1902,14.95,14.55
30-08-1902,14.95,14.5
31-08-1902,15.05,14.8
01-09-1902,15.2,14.9
02-09-1902,15.2,14.85
03-09-1902,15.2,14.6
04-09-1902,15.6,14.65
05-09-1902,15.45,14.55
06-09-1902,16.1,15.15
07-09-1902,16.5,16
08-09-1902,16.75,15.8
09-09-1902,16.7,16.35
10-09-1902,17.15,16.25
11-09-1902,16.5,15.55
12-09-1902,15.85,15.6
13-09-1902,15.9,15.5
14-09-1902,15.95,15.65
15-09-1902,16.15,15.6
16-09-1902,16.25,15.35
17-09-1902,16.3,15.45
18-09-1902,15.69,15.14
19-09-1902,15.39,15
20-09-1902,15.44,15.05
21-09-1902,15.1,14.65
22-09-1902,15.07,14.52
23-09-1902,14.72,14.2
24-09-1902,14.4,13.85
25-09-1902,13.79,13.52
26-09-1902,13.65,13.01
27-09-1902,13.6,13.41
28-09-1902,13.7,13.22
29-09-1902,13.8,13.51
30-09-1902,13.94,13.71
01-10-1902,14.14,13.81
02-10-1902,14.13,13.89
03-10-1902,13.9,13.63
04-10-1902,13.93,13.41
05-10-1902,13.98,13.54
06-10-1902,14.05,13.7
07-10-1902,14.35,13.63
08-10-1902,14.5,13.8
09-10-1902,14.8,14.35
10-10-1902,15.2,14.6
11-10-1902,15.1,14.15
12-10-1902,14.25,13.75
13-10-1902,13.8,13.55
14-10-1902,14.1,13.65
15-10-1902,13.95,13.55
16-10-1902,13.85,13.5
17-10-1902,13.85,13.55
18-10-1902,13.6,12.8
19-10-1902,14.5,13.55
20-10-1902,14.9,14.45
21-10-1902,15.1,14.4
22-10-1902,15.7,15.35
23-10-1902,15.6,15.25
24-10-1902,15.8,15.35
25-10-1902,16.3,15.4
26-10-1902,16.6,15.95
27-10-1902,16.95,16.4
28-10-1902,16.8,16.2
29-10-1902,17.3,16.7
30-10-1902,17.1,16.55
31-10-1902,16.8,16
01-11-1902,16.25,15.9
02-11-1902,16.25,15.75
03-11-1902,16.1,15.55
04-11-1902,15.7,15.3
05-11-1902,15.6,15.3
06-11-1902,15.75,15.35
07-11-1902,15.7,15.4
08-11-1902,15.75,15.35
09-11-1902,15.7,15.45
10-11-1902,15.8,15.5
11-11-1902,15.9,15.45
12-11-1902,16.4,15.45
13-11-1902,16.45,15.2
14-11-1902,15.45,15.15
15-11-1902,15.55,15.15
16-11-1902,15.5,14.75
17-11-1902,15.75,15.55
18-11-1902,15.85,15.5
19-11-1902,15.8,15.5
20-11-1902,15.95,15.25
21-11-1902,16.3,15.75
22-11-1902,16.25,15.95
23-11-1902,16.35,15.95
24-11-1902,16.95,16.2
25-11-1902,17.15,16.6
26-11-1902,17,16.7
27-11-1902,16.95,16.6
28-11-1902,17.25,16.8
29-11-1902,17.1,16.8
30-11-1902,17.35,16.95
01-12-1902,17.5,16.95
02-12-1902,17.2,16.65
03-12-1902,17.4,16.35
04-12-1902,16.45,16.1
05-12-1902,16.5,16.2
06-12-1902,16.35,16.15
07-12-1902,16.6,16.25
08-12-1902,16.6,16.05
09-12-1902,16.65,16.35
10-12-1902,16.65,16.05
11-12-1902,16.7,16.4
12-12-1902,16.6,16.15
13-12-1902,16.8,16.4
14-12-1902,16.45,16.1
15-12-1902,16.5,16.1
16-12-1902,16.5,15.9
17-12-1902,17.15,16
18-12-1902,17,16.55
19-12-1902,17.7,17.05
20-12-1902,17.7,17.1
21-12-1902,17.7,16.2
22-12-1902,15.7,14.5
23-12-1902,16.5,15.1
24-12-1902,16.9,15.9
25-12-1902,17.5,16.6
26-12-1902,17.85,17.25
27-12-1902,18.1,17.55
28-12-1902,18.55,17.7
29-12-1902,19,18.35
30-12-1902,19.1,18.85
31-12-1902,19.5,18.9
01-01-1903,19.9,19.1
02-01-1903,20.25,19
03-01-1903,19.7,19
04-01-1903,19.05,18.75
05-01-1903,19.55,18.85
06-01-1903,19.25,18.45
07-01-1903,18.65,18.4
08-01-1903,18.65,18.25
09-01-1903,18.8,18.25
10-01-1903,19.1,18.75
11-01-1903,19.15,18.8
12-01-1903,19.55,19
13-01-1903,19.65,19
14-01-1903,19.65,18.65
15-01-1903,18.9,18.2
16-01-1903,18.8,18.45
17-01-1903,19.1,18.6
18-01-1903,18.95,18.45
19-01-1903,19.2,18.55
20-01-1903,19.25,18.8
21-01-1903,19,17.9
22-01-1903,18.45,17.5
23-01-1903,18.1,17.6
24-01-1903,18.7,18
25-01-1903,18.85,18.3
26-01-1903,19.15,18.6
27-01-1903,18.9,18.6
28-01-1903,18.75,18.4
29-01-1903,19.1,18.5
30-01-1903,19.05,18.65
31-01-1903,19.1,18.65
01-02-1903,19,18.55
02-02-1903,19.15,18.85
03-02-1903,19.25,18.9
04-02-1903,19.35,19.1
05-02-1903,19.5,19.05
06-02-1903,19.6,19.3
07-02-1903,20,19.3
08-02-1903,20.2,19.75
09-02-1903,19.9,19.5
10-02-1903,19.8,19.25
11-02-1903,19.45,19.1
12-02-1903,19.5,18.75
13-02-1903,20.05,19.05
14-02-1903,19.9,19.2
15-02-1903,19.6,18.5
16-02-1903,19.75,18.75
17-02-1903,20.65,19.45
18-02-1903,22.25,20.15
19-02-1903,21.35,20.35
20-02-1903,20.8,19.6
21-02-1903,20,19.6
22-02-1903,20.1,19.5
23-02-1903,20.9,19.25
24-02-1903,21.4,20.65
25-02-1903,21.7,21.2
26-02-1903,21.6,20.8
27-02-1903,20.8,20.55
28-02-1903,20.6,20.35
01-03-1903,20.75,20.2
02-03-1903,20.95,20.55
03-03-1903,20.85,20.45
04-03-1903,21.05,20.6
05-03-1903,20.8,20.55
06-03-1903,21.05,20.4
07-03-1903,21.4,20.5
08-03-1903,21.05,20
09-03-1903,20.15,19.8
10-03-1903,20.15,19.75
11-03-1903,20.15,19.9
12-03-1903,19.95,19.45
13-03-1903,20.3,19.6
14-03-1903,20.05,19.65
15-03-1903,20.3,19.9
16-03-1903,20.35,19.6
17-03-1903,19.8,19.55
18-03-1903,19.6,18.9
19-03-1903,19.35,18.8
20-03-1903,19.4,19.05
21-03-1903,19.4,19.2
22-03-1903,19.4,19
23-03-1903,19.85,19
24-03-1903,19.55,18.35
25-03-1903,18.6,18.15
26-03-1903,18.7,18.4
27-03-1903,19,18.35
28-03-1903,19.25,18.85
29-03-1903,19.35,18.9
30-03-1903,18.8,18.2
31-03-1903,18.95,18.3
01-04-1903,19.8,18.55
02-04-1903,19.45,18.5
03-04-1903,18.6,17.1
04-04-1903,17.35,16.95
05-04-1903,17.85,17.1
06-04-1903,17.6,16.9
07-04-1903,17.65,17.25
08-04-1903,17.8,17.4
09-04-1903,18,17.6
10-04-1903,18.05,17.55
11-04-1903,18,17.25
12-04-1903,18.2,17.5
13-04-1903,18.3,17.8
14-04-1903,18.3,17.45
15-04-1903,18.15,17.45
16-04-1903,18.4,17.9
17-04-1903,17.85,17.45
18-04-1903,17.6,17.1
19-04-1903,17.3,17
20-04-1903,17.4,16.9
21-04-1903,17.2,16.5
22-04-1903,17.2,16.45
23-04-1903,18.2,17.1
24-04-1903,19.1,17.9
25-04-1903,17.65,17.05
26-04-1903,17.4,16.65
27-04-1903,16.75,15.85
28-04-1903,16.15,15.7
29-04-1903,16.35,15.85
30-04-1903,16.4,15.7
01-05-1903,16.7,16.05
02-05-1903,17.65,16.1
03-05-1903,17.56,17.1
04-05-1903,17.72,17.3
05-05-1903,17.83,17.19
06-05-1903,17.47,16.95
07-05-1903,17.75,16.87
08-05-1903,17.97,17.44
09-05-1903,18,17.05
10-05-1903,17.44,15.71
11-05-1903,15.94,15.6
12-05-1903,15.83,15.45
13-05-1903,15.45,14.95
14-05-1903,15.4,14.98
15-05-1903,15.54,15.09
16-05-1903,15.7,15
17-05-1903,15.25,14.85
18-05-1903,15.13,14.67
19-05-1903,15.24,14.63
20-05-1903,15.28,14.96
21-05-1903,15.05,14.2
22-05-1903,14.34,14.05
23-05-1903,14.17,13.83
24-05-1903,14.01,13.7
25-05-1903,13.75,13.62
26-05-1903,13.87,13.61
27-05-1903,13.85,13.65
28-05-1903,13.99,13.67
29-05-1903,14.2,13.91
30-05-1903,14.2,13.77
31-05-1903,14.25,14.02
01-06-1903,14.36,14.11
02-06-1903,14.45,14.25
03-06-1903,14.49,14.28
04-06-1903,14.5,14.3
05-06-1903,14.75,14.42
06-06-1903,14.75,14.56
07-06-1903,14.86,14.61
08-06-1903,15.15,14.7
09-06-1903,15.15,14.6
10-06-1903,14.75,14.5
11-06-1903,14.83,14.54
12-06-1903,14.76,14.57
13-06-1903,14.88,14.55
14-06-1903,15.04,14.6
15-06-1903,14.94,14.66
16-06-1903,15.1,14.76
17-06-1903,14.96,14.48
18-06-1903,14.65,14.33
19-06-1903,14.72,13.95
20-06-1903,14.32,14.08
21-06-1903,14.25,13.76
22-06-1903,15,13.86
23-06-1903,14.89,14.43
24-06-1903,15.1,14.45
25-06-1903,16,14.7
26-06-1903,16.15,15.04
27-06-1903,15.24,14.46
28-06-1903,15.14,14.27
29-06-1903,14.35,12.47
30-06-1903,14.87,14.51
01-07-1903,15.1,14.4
02-07-1903,14.75,14.25
03-07-1903,14.84,14.55
04-07-1903,14.9,14.66
05-07-1903,15.52,15.1
06-07-1903,15.5,15.25
07-07-1903,15.3,14.56
08-07-1903,14.85,14.52
09-07-1903,15.19,14.58
10-07-1903,14.9,14.6
11-07-1903,14.98,14.76
12-07-1903,15.29,14.76
13-07-1903,15.35,15
14-07-1903,15.32,14.36
15-07-1903,14.54,14.3
16-07-1903,14.59,14.3
17-07-1903,15,14.46
18-07-1903,15.32,14.6
19-07-1903,15,14.45
20-07-1903,14.71,14.26
21-07-1903,15.2,14.55
22-07-1903,15.2,14.85
23-07-1903,15.25,14.9
24-07-1903,15.25,15
25-07-1903,14.95,14.55
26-07-1903,15.55,14.15
27-07-1903,15.7,15.4
28-07-1903,15.95,15.5
29-07-1903,16.1,15.7
30-07-1903,16.3,15.8
31-07-1903,16.15,15.85
01-08-1903,16.05,15.8
02-08-1903,16.15,15.9
03-08-1903,16.5,16.05
04-08-1903,16.55,15.75
05-08-1903,16.2,15.6
06-08-1903,16.6,15.65
07-08-1903,17.8,17.1
08-08-1903,18.35,17.05
09-08-1903,17.6,16.6
10-08-1903,16.45,16.1
11-08-1903,16.5,15.7
12-08-1903,15.85,15.65
13-08-1903,15.9,15.6
14-08-1903,16.05,15.75
15-08-1903,16.1,15.7
16-08-1903,16.2,15.6
17-08-1903,16.35,16.05
18-08-1903,16.55,16.25
19-08-1903,16.65,16.4
20-08-1903,16.6,16.35
21-08-1903,16.65,16.4
22-08-1903,16.8,16.4
23-08-1903,17.2,16.6
24-08-1903,16.95,16.45
25-08-1903,16.7,16.35
26-08-1903,16.75,16.5
27-08-1903,16.9,16.45
28-08-1903,16.85,16.5
29-08-1903,17.05,16.65
30-08-1903,17.35,16.85
31-08-1903,17.6,16.6
01-09-1903,16.8,16.25
02-09-1903,17.05,16.45
03-09-1903,17.3,16.85
04-09-1903,17.65,17.1
05-09-1903,17.75,17.3
06-09-1903,17.5,17.15
07-09-1903,17.75,17.05
08-09-1903,18,17.55
09-09-1903,18.15,17.85
10-09-1903,18.25,17.9
11-09-1903,18.7,18
12-09-1903,18.25,17.9
13-09-1903,18.25,17.8
14-09-1903,18.7,18
15-09-1903,18.5,18.1
16-09-1903,18.6,18.35
17-09-1903,18.8,18.15
18-09-1903,19.1,18.55
19-09-1903,18.7,17.6
20-09-1903,18,17.5
21-09-1903,17.65,17.2
22-09-1903,17.65,17.15
23-09-1903,17.55,17.2
24-09-1903,17.8,17.15
25-09-1903,17.75,17.15
26-09-1903,17.45,17.05
27-09-1903,17.45,17.05
28-09-1903,17.2,16.8
29-09-1903,16.85,16
30-09-1903,17.3,16.8
01-10-1903,17.6,17.1
02-10-1903,17.8,17.5
03-10-1903,17.9,17.35
04-10-1903,18.25,17.45
05-10-1903,18.2,17.1
06-10-1903,18.45,18.05
07-10-1903,18,17.3
08-10-1903,17.3,16.85
09-10-1903,17.7,16.9
10-10-1903,17.2,16.5
11-10-1903,16.55,15.9
12-10-1903,16,15.5
13-10-1903,15.7,15.4
14-10-1903,15.75,15.25
15-10-1903,15.6,15
16-10-1903,16.05,14.95
17-10-1903,16.9,15.85
18-10-1903,16.6,15.8
19-10-1903,16.35,15.4
20-10-1903,15.6,15.25
21-10-1903,15.15,14.85
22-10-1903,14.95,14.6
23-10-1903,15.25,14.8
24-10-1903,15.42,15.01
25-10-1903,15.66,15.03
26-10-1903,15.71,14.96
27-10-1903,15.55,15.01
28-10-1903,15.07,14.73
29-10-1903,14.75,14.45
30-10-1903,14.89,14.6
31-10-1903,14.79,14.46
01-11-1903,14.94,14.59
02-11-1903,14.82,14.26
03-11-1903,14.97,14.01
04-11-1903,14.83,14.58
05-11-1903,15.02,14.58
06-11-1903,15.74,14.9
07-11-1903,15.66,14.53
08-11-1903,15.24,14.11
09-11-1903,15.09,14.1
10-11-1903,14.6,14.3
11-11-1903,14.69,14.4
12-11-1903,15.04,14.56
13-11-1903,15.17,14.76
14-11-1903,15.67,15.04
15-11-1903,15.85,15.39
16-11-1903,15.37,14.87
17-11-1903,14.75,14.5
18-11-1903,14.78,14.27
19-11-1903,14.5,14.17
20-11-1903,14.29,14.02
21-11-1903,14.57,14.02
22-11-1903,14.15,13.56
23-11-1903,14.17,13.68
24-11-1903,14.35,14.09
25-11-1903,14.44,13.99
26-11-1903,14.3,13.62
27-11-1903,13.97,13.1
28-11-1903,13.17,12.81
29-11-1903,13.5,12.94
30-11-1903,13.55,13.29
01-12-1903,13.56,12.96
02-12-1903,13.19,12.96
03-12-1903,13.59,12.97
04-12-1903,13.92,13.3
05-12-1903,13.84,13.4
06-12-1903,14.3,13.77
07-12-1903,14.4,13.8
08-12-1903,14.34,13.96
09-12-1903,14.9,14.2
10-12-1903,14.69,14.05
11-12-1903,15.19,14.41
12-12-1903,15.3,14.79
13-12-1903,15.3,13.77
14-12-1903,13.94,13.6
15-12-1903,13.9,13.41
16-12-1903,14.1,13.35
17-12-1903,13.4,13.15
18-12-1903,13.4,13.15
19-12-1903,13.45,13.1
20-12-1903,13.6,13.1
21-12-1903,13.6,13.1
22-12-1903,13.6,13.05
23-12-1903,13.8,13.15
24-12-1903,13.65,13.05
25-12-1903,14.5,13.55
26-12-1903,14.5,13.95
27-12-1903,13.75,12.8
28-12-1903,13.75,12.8
29-12-1903,15,13.5
30-12-1903,15.9,15
31-12-1903,16.25,15.45
01-01-1904,16,14.2
02-01-1904,15.6,13.8
03-01-1904,16.6,13.75
04-01-1904,18.85,16.8
05-01-1904,20.7,18.5
06-01-1904,20.6,18.95
07-01-1904,19,18.2
08-01-1904,18.75,18.05
09-01-1904,19.4,18.35
10-01-1904,19.1,18.75
11-01-1904,19.35,18.45
12-01-1904,19.45,18.75
13-01-1904,19.8,18.9
14-01-1904,20.1,18.45
15-01-1904,21.1,19.6
16-01-1904,20.7,19.95
17-01-1904,21.15,19.9
18-01-1904,21.5,20.65
19-01-1904,21.95,20.9
20-01-1904,22.1,21.25
21-01-1904,21.75,20.9
22-01-1904,23,22.05
23-01-1904,23.25,22.8
24-01-1904,22.95,21.75
25-01-1904,22,20.7
26-01-1904,21.05,20.35
27-01-1904,21.1,20.7
28-01-1904,21.2,20.75
29-01-1904,21.25,20.95
30-01-1904,21.1,20.8
31-01-1904,21.25,20.7
01-02-1904,21.4,20.95
02-02-1904,21.6,21.25
03-02-1904,21.6,20.8
04-02-1904,21.35,20.85
05-02-1904,21,20.5
06-02-1904,21.15,20.55
07-02-1904,21.25,20.85
08-02-1904,21.3,20.7
09-02-1904,21.35,20.85
10-02-1904,21.5,20.45
11-02-1904,22.05,21.3
12-02-1904,22.9,21.8
13-02-1904,22.8,22.1
14-02-1904,22.9,22.2
15-02-1904,22.8,22.25
16-02-1904,23.1,21.9
17-02-1904,21.95,21.6
18-02-1904,22.2,21.55
19-02-1904,22.25,21.8
20-02-1904,22.4,21.9
21-02-1904,22.55,21.9
22-02-1904,22.55,21.75
23-02-1904,22.1,21.45
24-02-1904,22.1,21.4
25-02-1904,22.6,21.7
26-02-1904,22.45,21.9
27-02-1904,22.6,21.8
28-02-1904,22.3,21.75
29-02-1904,22.05,21.2
01-03-1904,21.8,20.4
02-03-1904,22.1,21.4
03-03-1904,22.75,21.6
04-03-1904,23.6,22.55
05-03-1904,24.5,22.95
06-03-1904,25.25,23.8
07-03-1904,25.15,24.1
08-03-1904,24.45,23.35
09-03-1904,23.75,23.2
10-03-1904,24.1,23.4
11-03-1904,24,23.05
12-03-1904,24.1,23
13-03-1904,24.55,23.55
14-03-1904,24.8,23.85
15-03-1904,24.4,23.75
16-03-1904,25.2,23.85
17-03-1904,25.05,23.95
18-03-1904,24.35,23.5
19-03-1904,23.95,23.35
20-03-1904,24.45,23.55
21-03-1904,24.65,22.8
22-03-1904,22.75,21.9
23-03-1904,22.7,22.1
24-03-1904,22.75,22.05
25-03-1904,22,21.5
26-03-1904,21.75,20.95
27-03-1904,20.95,20.4
28-03-1904,20.5,19.8
29-03-1904,20.75,20.15
30-03-1904,20.75,20.35
31-03-1904,21.05,20.15
01-04-1904,21.9,20.6
02-04-1904,21.85,21
03-04-1904,22.1,21.25
04-04-1904,21.7,21.1
05-04-1904,22.4,21.2
06-04-1904,22.45,22
07-04-1904,22.2,21.75
08-04-1904,21.8,20.95
09-04-1904,22.1,20.4
10-04-1904,20.45,19.05
11-04-1904,21,19.75
12-04-1904,22,20.7
13-04-1904,22.3,21.45
14-04-1904,21.9,21.35
15-04-1904,22.1,21.15
16-04-1904,22.3,21.75
17-04-1904,23.1,22
18-04-1904,22.7,22
19-04-1904,22.4,21.2
20-04-1904,22.9,19.8
21-04-1904,23.7,20.95
22-04-1904,24.75,23.85
23-04-1904,26,24.6
24-04-1904,25.4,23.65
25-04-1904,24.5,23.8
26-04-1904,24.7,23.55
27-04-1904,24.9,24.45
28-04-1904,24.8,24.05
29-04-1904,24.75,23.05
30-04-1904,24.9,23.5
01-05-1904,25.7,24.45
02-05-1904,26.35,24.9
03-05-1904,28,25.75
04-05-1904,27.25,24.5
05-05-1904,25.05,23.95
06-05-1904,25.9,23.3
07-05-1904,22.9,21.5
08-05-1904,22.1,21.45
09-05-1904,21.45,20.9
10-05-1904,21.45,20.6
11-05-1904,22.2,21
12-05-1904,22.35,21.75
13-05-1904,22.4,21.65
14-05-1904,22.25,21.7
15-05-1904,23.4,21.7
16-05-1904,24,23
17-05-1904,23.4,22.9
18-05-1904,23.45,22.6
19-05-1904,23.15,22.4
20-05-1904,23.4,22.55
21-05-1904,23.45,22.9
22-05-1904,23.6,22.9
23-05-1904,23.95,21.75
24-05-1904,22.15,21.35
25-05-1904,22.7,22.1
26-05-1904,22.5,21.6
27-05-1904,22.95,22.15
28-05-1904,23.3,22.55
29-05-1904,23.3,22.3
30-05-1904,22.4,21.45
31-05-1904,21.6,20.6
01-06-1904,22.55,21.8
02-06-1904,22.75,21.9
03-06-1904,23.7,22.4
04-06-1904,24.6,23.45
05-06-1904,24.3,23.15
06-06-1904,23.2,22.45
07-06-1904,23,21.7
08-06-1904,22.1,21.6
09-06-1904,22.25,21.45
10-06-1904,22.2,21.65
11-06-1904,22,21.2
12-06-1904,21.85,20.6
13-06-1904,20.9,20.35
14-06-1904,20.65,20.05
15-06-1904,21.55,20.15
16-06-1904,21.85,20.9
17-06-1904,21.6,20.65
18-06-1904,23.15,20.25
19-06-1904,24.15,22.75
20-06-1904,24.6,23.65
21-06-1904,25.75,24.85
22-06-1904,25.85,25.15
23-06-1904,25.25,24.7
24-06-1904,25.7,24.6
25-06-1904,25.5,24.55
26-06-1904,25.65,24.9
27-06-1904,25.85,25.15
28-06-1904,26.45,25.6
29-06-1904,26.9,25.95
30-06-1904,26.55,24.6
01-07-1904,26.1,24.45
02-07-1904,24.4,23.55
03-07-1904,24.1,23.3
04-07-1904,24.4,23.2
05-07-1904,24.85,24.25
06-07-1904,24.3,23.45
07-07-1904,23.6,22.6
08-07-1904,24,22.8
09-07-1904,24.8,23.95
10-07-1904,24.9,24.1
11-07-1904,24.4,23.6
12-07-1904,25.45,23.85
13-07-1904,24.45,22.3
14-07-1904,24.85,22.7
15-07-1904,25.9,24.3
16-07-1904,26.3,25.55
17-07-1904,26.5,24.9
18-07-1904,26.75,25.9
19-07-1904,27.8,26.2
20-07-1904,28.5,27.45
21-07-1904,28.6,27.35
22-07-1904,29,27.85
23-07-1904,28.7,27.95
24-07-1904,29.3,28.2
25-07-1904,29.55,27.6
26-07-1904,30.25,28.25
27-07-1904,29.65,27.4
28-07-1904,28.15,27.2
29-07-1904,27.4,25.65
30-07-1904,28.15,27.2
31-07-1904,28,27.05
01-08-1904,27.2,25.8
02-08-1904,27.05,26.1
03-08-1904,27.4,26.5
04-08-1904,27.7,26.85
05-08-1904,28.1,26.4
06-08-1904,29.45,26.6
07-08-1904,31.35,28.1
08-08-1904,29.9,26.5
09-08-1904,27.1,26.1
10-08-1904,26.85,25.8
11-08-1904,27.75,26
12-08-1904,27.45,25.65
13-08-1904,26.95,25.15
14-08-1904,27.45,26.3
15-08-1904,27.65,26.2
16-08-1904,26.75,24.7
17-08-1904,27.4,24.5
18-08-1904,27.8,26.7
19-08-1904,28.3,27.1
20-08-1904,29.3,26.2
21-08-1904,28.3,25.1
22-08-1904,26.35,25.5
23-08-1904,26.7,25.65
24-08-1904,27.1,25.85
25-08-1904,26.65,25.05
26-08-1904,26.45,24.15
27-08-1904,27.4,24.65
28-08-1904,27.5,23.5
29-08-1904,22.95,20.85
30-08-1904,19.95,17.75
31-08-1904,19.45,17.75
01-09-1904,18.45,17.6
02-09-1904,18.6,17.05
03-09-1904,18.1,16.1
04-09-1904,17.3,16
05-09-1904,18.15,16.8
06-09-1904,18.25,17
07-09-1904,17.8,16.45
08-09-1904,17.15,16
09-09-1904,16.75,15.81
10-09-1904,16.8,16.06
11-09-1904,16.35,15.23
12-09-1904,15.68,15.11
13-09-1904,16.1,14.15
14-09-1904,18.55,15.75
15-09-1904,17.92,16.91
16-09-1904,18.1,16.64
17-09-1904,18,15.8
18-09-1904,16.35,14.83
19-09-1904,15.65,14.91
20-09-1904,15.3,14.5
21-09-1904,16.04,15.05
22-09-1904,15.88,14.95
23-09-1904,15.5,14.66
24-09-1904,16,15.07
25-09-1904,16.44,13.95
26-09-1904,14.68,13.7
27-09-1904,15.4,14.7
28-09-1904,15.23,14.55
29-09-1904,15.05,14.5
30-09-1904,15.54,13.46
01-10-1904,13.88,13.1
02-10-1904,13.41,12.96
03-10-1904,13.49,13.1
04-10-1904,13.6,13.22
05-10-1904,13.92,13.25
06-10-1904,13.9,13
07-10-1904,13.39,12.52
08-10-1904,13.3,12.7
09-10-1904,13.07,12.3
10-10-1904,13.5,12.15
11-10-1904,13.65,13.05
12-10-1904,14.53,13.3
13-10-1904,14.77,14.23
14-10-1904,14.83,14.12
15-10-1904,15,14.1
16-10-1904,15.43,14
17-10-1904,15.2,14.06
18-10-1904,15.42,14.4
19-10-1904,14.47,13.03
20-10-1904,13.45,13.01
21-10-1904,15.15,13.3
22-10-1904,14.52,14
23-10-1904,14.56,14
24-10-1904,14.88,14.31
25-10-1904,14.95,14.01
26-10-1904,15.2,14.15
27-10-1904,14.8,14.15
28-10-1904,14.62,14.25
29-10-1904,15.12,14.3
30-10-1904,15.65,14.63
31-10-1904,15.67,14.15
01-11-1904,14.47,14.06
02-11-1904,14.49,13.4
03-11-1904,14.25,13.7
04-11-1904,14.84,13.63
05-11-1904,14.92,14.29
06-11-1904,14.71,14.1
07-11-1904,14.07,13.5
08-11-1904,13.99,13.35
09-11-1904,13.8,13.2
10-11-1904,13.6,12.9
11-11-1904,13.33,12.9
12-11-1904,12.7,12.1
13-11-1904,12.2,11.65
14-11-1904,11.8,11.35
15-11-1904,11.51,10.89
16-11-1904,11.85,11.1
17-11-1904,12.03,11.6
18-11-1904,12.17,11.44
19-11-1904,13.04,12
20-11-1904,13.17,12.4
21-11-1904,13.49,12.84
22-11-1904,13.4,12.36
23-11-1904,13.54,12.68
24-11-1904,13.87,13.28
25-11-1904,13.99,13.11
26-11-1904,13.59,12.31
27-11-1904,12.95,12.95
28-11-1904,13.6,13.6
29-11-1904,14.3,14.3
30-11-1904,15.05,15.05
01-12-1904,15.8,15.8
02-12-1904,16.6,16.6
03-12-1904,18.4,18.4
04-12-1904,21.6,20.4
05-12-1904,23.15,21.75
06-12-1904,22.55,21.75
07-12-1904,24,21.7
08-12-1904,23.1,22.5
09-12-1904,23.8,23
10-12-1904,24.4,23.1
11-12-1904,23.8,21.25
12-12-1904,22.25,21.2
13-12-1904,22.45,21.4
14-12-1904,22.75,21.05
15-12-1904,23.4,22.35
16-12-1904,24.35,23.2
17-12-1904,23.65,22.85
18-12-1904,22.55,21.6
19-12-1904,21.85,21.35
20-12-1904,22.25,21.2
21-12-1904,22.95,21.65
22-12-1904,23.5,22.4
23-12-1904,23.35,22.15
24-12-1904,22.75,22.15
25-12-1904,23.25,21.85
26-12-1904,22.75,22.2
27-12-1904,21.7,20.8
28-12-1904,21.5,20.6
29-12-1904,22.65,21.65
30-12-1904,23.6,22.55
31-12-1904,24.15,22.9
01-01-1905,23.65,22.7
02-01-1905,24.9,23.3
03-01-1905,24.05,23.3
04-01-1905,22.95,21.7
05-01-1905,21.9,21.4
06-01-1905,21.9,20.8
07-01-1905,22.2,20.55
08-01-1905,22.5,21.35
09-01-1905,23.6,22.4
10-01-1905,24.15,23.25
11-01-1905,25,23.8
12-01-1905,24.95,23.6
13-01-1905,26.35,24.6
14-01-1905,25.85,25.6
15-01-1905,25,22.7
16-01-1905,24.45,23.25
17-01-1905,23.95,22.3
18-01-1905,23.3,22.15
19-01-1905,24.4,23.3
20-01-1905,25.45,24.5
21-01-1905,26.55,24.05
22-01-1905,26.55,25.3
23-01-1905,28,26.6
24-01-1905,28.95,27.5
25-01-1905,28.25,26.5
26-01-1905,28.7,27.2
27-01-1905,28.75,27.5
28-01-1905,28.7,27.4
29-01-1905,29.3,27.5
30-01-1905,28.7,27.7
31-01-1905,29.8,28.4
01-02-1905,30.9,29.45
02-02-1905,31.2,30.1
03-02-1905,29.95,28.1
04-02-1905,28.85,26.6
05-02-1905,29.3,27.3
06-02-1905,30.95,28.05
07-02-1905,29.5,29.5
08-02-1905,31.05,31.05
09-02-1905,32.65,32.65
10-02-1905,36.8,34.35
11-02-1905,36.15,36.15
12-02-1905,34.45,33.1
13-02-1905,32.85,32.3
14-02-1905,31.3,30.25
15-02-1905,29.85,28.85
16-02-1905,28.45,26.2
17-02-1905,26.25,24.5
18-02-1905,24.15,23.6
19-02-1905,22.44,21.22
20-02-1905,23.2,22
21-02-1905,22.57,20.55
22-02-1905,23.6,21.13
23-02-1905,26.5,22.03
24-02-1905,24.12,23
25-02-1905,22.4,19.26
26-02-1905,20,18.3
27-02-1905,20.15,17.8
28-02-1905,17.5,14.8
01-03-1905,15.25,14.44
02-03-1905,15.2,14.27
03-03-1905,15.18,14.51
04-03-1905,14.98,14.09
05-03-1905,14.59,14.01
06-03-1905,14.04,13.67
07-03-1905,14.1,13.56
08-03-1905,14.18,13.74
09-03-1905,14.55,13.76
10-03-1905,14.74,13.75
11-03-1905,14,13.25
12-03-1905,14.5,12.86
13-03-1905,14.85,14
14-03-1905,15,14.26
15-03-1905,14.66,13.74
16-03-1905,15,14.2
17-03-1905,14.8,14.18
18-03-1905,14.52,13.35
19-03-1905,13.55,13.07
20-03-1905,14.07,13.02
21-03-1905,15.02,13.26
22-03-1905,15.2,14.64
23-03-1905,15.55,14.8
24-03-1905,15.05,14.5
25-03-1905,14.25,12.5
26-03-1905,12.7,11.03
27-03-1905,11.6,11.04
28-03-1905,11.7,11.15
29-03-1905,11.49,11
30-03-1905,11.35,10.35
31-03-1905,9.97,9.7
01-04-1905,10.32,9.5
02-04-1905,9.96,9.7
03-04-1905,10.05,9.71
04-04-1905,10.19,9.83
05-04-1905,10.29,10
06-04-1905,10.21,9.79
07-04-1905,10.05,9.7
08-04-1905,10.09,9.86
09-04-1905,10.25,9.77
10-04-1905,10.14,9.96
11-04-1905,10.32,9.96
12-04-1905,10.47,10.11
13-04-1905,10.65,10.1
14-04-1905,10.78,10.42
15-04-1905,11.1,10.51
16-04-1905,10.82,10.51
17-04-1905,11.04,10.29
18-04-1905,10.53,10
19-04-1905,10.29,9.92
20-04-1905,10.35,9.98
21-04-1905,10.37,10.2
22-04-1905,10.4,10.19
23-04-1905,10.34,10.05
24-04-1905,10.35,10.06
25-04-1905,10.25,10.07
26-04-1905,10.35,10.09
27-04-1905,10.5,10.13
28-04-1905,10.8,9.9
29-04-1905,11.28,10.81
30-04-1905,11.33,10.95
01-05-1905,11.24,10.95
02-05-1905,11.12,10.92
03-05-1905,11.45,11
04-05-1905,11.52,11.14
05-05-1905,11.55,11.1
06-05-1905,11.75,11.32
07-05-1905,11.55,10.75
08-05-1905,11.4,10.73
09-05-1905,10.75,9.85
10-05-1905,9.97,9.7
11-05-1905,10.35,9.89
12-05-1905,10.54,9.36
13-05-1905,10.65,10.21
14-05-1905,10.95,10.65
15-05-1905,11.35,10.92
16-05-1905,11.55,11.27
17-05-1905,11.42,10.6
18-05-1905,10.8,10.48
19-05-1905,10.92,10.5
20-05-1905,11.17,10.75
21-05-1905,11.35,10.95
22-05-1905,11.25,10.9
23-05-1905,11.47,11.08
24-05-1905,11.75,11.13
25-05-1905,12.07,11.4
26-05-1905,12.23,11.72
27-05-1905,12.03,10.88
28-05-1905,11.19,10.75
29-05-1905,10.95,10.46
30-05-1905,11.6,10.4
31-05-1905,11.35,10.33
01-06-1905,10.6,10.26
02-06-1905,10.72,10.41
03-06-1905,11.22,10.45
04-06-1905,11.03,9.91
05-06-1905,10.14,9.81
06-06-1905,10.15,9.89
07-06-1905,10.15,9.43
08-06-1905,9.7,9.36
09-06-1905,9.48,9.24
10-06-1905,9.5,9.22
11-06-1905,9.47,9.26
12-06-1905,10.05,9.39
13-06-1905,9.98,9.65
14-06-1905,10.16,9.27
15-06-1905,9.75,9.26
16-06-1905,9.98,9.69
17-06-1905,9.9,9.6
18-06-1905,9.94,9.67
19-06-1905,9.93,9.61
20-06-1905,10.1,9.69
21-06-1905,10,9.75
22-06-1905,10.23,9.68
23-06-1905,10.04,9.1
24-06-1905,9.52,8.91
25-06-1905,9.87,9.31
26-06-1905,9.98,9.62
27-06-1905,10.1,9.6
28-06-1905,10.09,9.46
29-06-1905,10.18,9.69
30-06-1905,10.65,9.6
01-07-1905,10.06,9.48
02-07-1905,9.15,8.29
03-07-1905,8.68,8.24
04-07-1905,9.12,8.65
05-07-1905,9.21,8.91
06-07-1905,9.65,9.11
07-07-1905,10.24,9.54
08-07-1905,10.5,9.92
09-07-1905,10.35,9.65
10-07-1905,10.08,9.81
11-07-1905,10.18,9.22
12-07-1905,10.1,9.7
13-07-1905,10.2,10.2
14-07-1905,11.85,10.73
15-07-1905,11.29,11.18
16-07-1905,10.76,10.4
17-07-1905,10.25,9.65
18-07-1905,9.77,9.59
19-07-1905,9.31,8.75
20-07-1905,8.47,7.74
21-07-1905,7.78,7.57
22-07-1905,7.62,7.31
23-07-1905,7.61,7.2
24-07-1905,7.45,7
25-07-1905,7.2,6.88
26-07-1905,7.18,6.78
27-07-1905,7.45,6.73
28-07-1905,7,6.56
29-07-1905,6.65,6.43
30-07-1905,6.63,6.49
31-07-1905,6.61,6.5
01-08-1905,6.59,6.5
02-08-1905,6.63,6.4
03-08-1905,6.7,6.53
04-08-1905,6.67,6.5
05-08-1905,6.6,6.36
06-08-1905,6.56,6.36
07-08-1905,6.44,6.25
08-08-1905,6.85,6.39
09-08-1905,6.95,6.7
10-08-1905,6.65,6.41
11-08-1905,6.7,6.3
12-08-1905,7,6.56
13-08-1905,6.92,6.6
14-08-1905,6.85,6.4
15-08-1905,6.62,6.3
16-08-1905,6.55,6.25
17-08-1905,6.59,6.18
18-08-1905,6.44,6.15
19-08-1905,6.17,6
20-08-1905,6.25,6
21-08-1905,6.05,5.93
22-08-1905,6.1,5.89
23-08-1905,6,5.74
24-08-1905,6.34,5.72
25-08-1905,6.5,6.26
26-08-1905,6.6,6.36
27-08-1905,6.5,6.3
28-08-1905,6.6,6.2
29-08-1905,6.8,6.46
30-08-1905,6.69,6.46
31-08-1905,6.68,6.41
01-09-1905,7,6.57
02-09-1905,7.2,6.9
03-09-1905,7.4,6.78
04-09-1905,6.9,6.73
05-09-1905,6.85,6.65
06-09-1905,6.75,6.45
07-09-1905,6.83,6.6
08-09-1905,6.94,6.55
09-09-1905,7.1,6.62
10-09-1905,7.5,6.8
11-09-1905,7.25,6.25
12-09-1905,7.25,6.86
13-09-1905,7.64,7.12
14-09-1905,7.83,7.51
15-09-1905,7.89,7.61
16-09-1905,8.06,7.55
17-09-1905,8.24,8.04
18-09-1905,8.18,8.01
19-09-1905,8.38,8.05
20-09-1905,8.45,8.17
21-09-1905,8.87,8.3
22-09-1905,8.95,8.74
23-09-1905,8.99,8.7
24-09-1905,9.14,8.76
25-09-1905,9.24,8.95
26-09-1905,9.48,9
27-09-1905,9.15,9.02
28-09-1905,9.09,8.89
29-09-1905,9.34,9.01
30-09-1905,9.38,8.98
01-10-1905,9.19,8.94
02-10-1905,9.75,9.29
03-10-1905,9.54,9.12
04-10-1905,9.3,9
05-10-1905,9.13,8.7
06-10-1905,9.2,8.73
07-10-1905,9.13,8.8
08-10-1905,9.51,9.02
09-10-1905,9.61,9.15
10-10-1905,9.57,9.35
11-10-1905,9.78,9.58
12-10-1905,9.76,9.37
13-10-1905,9.92,9.47
14-10-1905,9.69,9.36
15-10-1905,9.53,9.09
16-10-1905,9.9,9.49
17-10-1905,10.45,9.77
18-10-1905,10.9,10.47
19-10-1905,11.19,10.69
20-10-1905,11.1,10.82
21-10-1905,11.19,10.7
22-10-1905,11.05,10.4
23-10-1905,11.73,10.58
24-10-1905,12.94,11.74
25-10-1905,13.24,12.99
26-10-1905,13.38,13.1
27-10-1905,13.52,13.2
28-10-1905,13.44,13.16
29-10-1905,13.55,13.12
30-10-1905,13.88,13.34
31-10-1905,14.3,13.84
01-11-1905,14.49,14.05
02-11-1905,14.9,14.3
03-11-1905,14.7,14.07
04-11-1905,14.39,14.05
05-11-1905,14.45,14.16
06-11-1905,14.27,14
07-11-1905,14.38,13.95
08-11-1905,14.41,14.3
09-11-1905,14.57,14.31
10-11-1905,14.65,14.32
11-11-1905,14.8,14.38
12-11-1905,14.85,14.5
13-11-1905,14.55,14.3
14-11-1905,14.5,14.07
15-11-1905,14.7,14.31
16-11-1905,14.87,13.92
17-11-1905,14.49,14.15
18-11-1905,14.45,13.75
19-11-1905,14.7,14.11
20-11-1905,14.75,14.25
21-11-1905,15.1,13.85
22-11-1905,14.37,14.01
23-11-1905,14.48,13.75
24-11-1905,13.84,13.55
25-11-1905,13.98,13.62
26-11-1905,13.54,13.27
27-11-1905,13.65,13.45
28-11-1905,13.6,13.33
29-11-1905,13.82,13.43
30-11-1905,13.75,13.47
01-12-1905,13.78,13.51
02-12-1905,13.9,13.49
03-12-1905,14.6,13.9
04-12-1905,14.06,13.75
05-12-1905,14.15,13.71
06-12-1905,13.8,13.3
07-12-1905,13.85,13.35
08-12-1905,14.2,13.3
09-12-1905,13.9,13.2
10-12-1905,14.45,13.55
11-12-1905,14.7,14
12-12-1905,15.25,14.55
13-12-1905,15.15,14.65
14-12-1905,15.6,14.85
15-12-1905,15.75,14.95
16-12-1905,16.15,15.5
17-12-1905,16.95,16.1
18-12-1905,17.4,16.75
19-12-1905,17.55,16.7
20-12-1905,17.95,16.8
21-12-1905,18.4,17.55
22-12-1905,18.5,17.55
23-12-1905,19.4,16.35
24-12-1905,20.6,17.65
25-12-1905,25.3,13.55
26-12-1905,24.9,21.5
27-12-1905,22.65,21.1
28-12-1905,23.9,21.35
29-12-1905,23.6,23
30-12-1905,23.85,22.85
31-12-1905,24,23.1
01-01-1906,23.3,22.4
02-01-1906,22.6,21.4
03-01-1906,22.1,19.75
04-01-1906,24.45,21.75
05-01-1906,24.3,22.65
06-01-1906,24.85,23.7
07-01-1906,25.25,24.35
08-01-1906,25.45,24.75
09-01-1906,26.65,25.35
10-01-1906,26.9,25.45
11-01-1906,25.8,24.2
12-01-1906,25.65,24.4
13-01-1906,26.55,24.9
14-01-1906,25.65,21.55
15-01-1906,21.6,20.85
16-01-1906,21.9,20.7
17-01-1906,21.95,20.65
18-01-1906,21.3,18.45
19-01-1906,18.95,17.9
20-01-1906,19.15,18.35
21-01-1906,19.2,18.6
22-01-1906,19.4,18.85
23-01-1906,19.65,18.85
24-01-1906,19.9,19.3
25-01-1906,19.85,18.8
26-01-1906,20.2,19.5
27-01-1906,19.9,18.95
28-01-1906,20.7,19.25
29-01-1906,20.85,19.95
30-01-1906,19.95,18.45
31-01-1906,18.9,18.35
01-02-1906,19.3,18.65
02-02-1906,18.8,18.3
03-02-1906,18.8,18.3
04-02-1906,19.1,18.55
05-02-1906,19.05,18.7
06-02-1906,19.55,18.4
07-02-1906,20,18.05
08-02-1906,18.2,17.5
09-02-1906,17.95,16.95
10-02-1906,18.45,17.8
11-02-1906,18.7,18.15
12-02-1906,19.2,18.4
13-02-1906,18.95,18
14-02-1906,19.1,18.3
15-02-1906,19.25,18.7
16-02-1906,18.85,18.35
17-02-1906,19,18.2
18-02-1906,18.5,18.05
19-02-1906,19,18.1
20-02-1906,19.15,18.6
21-02-1906,19.35,18.6
22-02-1906,19.35,18.75
23-02-1906,19.55,18.6
24-02-1906,19.6,18.65
25-02-1906,20.3,19.35
26-02-1906,20.35,18.75
27-02-1906,18.9,17.25
28-02-1906,17.4,15.45
01-03-1906,15.65,15.2
02-03-1906,15.4,15.15
03-03-1906,15.5,15.25
04-03-1906,15.65,15.3
05-03-1906,16,15.4
06-03-1906,15.85,15.4
07-03-1906,15.8,15.35
08-03-1906,16.15,15.3
09-03-1906,15.75,15.35
10-03-1906,15.45,15.2
11-03-1906,15.9,15.4
12-03-1906,15.7,15.4
13-03-1906,15.8,15.5
14-03-1906,15.75,15.45
15-03-1906,15.8,15.5
16-03-1906,16.05,15.55
17-03-1906,16,15.6
18-03-1906,15.9,15.65
19-03-1906,16.75,15.45
20-03-1906,16.05,15.3
21-03-1906,15.9,15.3
22-03-1906,15.95,15.25
23-03-1906,16.1,15.45
24-03-1906,16.35,15.55
25-03-1906,15.9,15.55
26-03-1906,15.9,15.65
27-03-1906,16,15.55
28-03-1906,16.1,15.55
29-03-1906,16.2,15.8
30-03-1906,16.6,15.7
31-03-1906,16.4,15.7
01-04-1906,17.05,16.5
02-04-1906,17.7,17.1
03-04-1906,17.8,17.25
04-04-1906,18.15,17.35
05-04-1906,18.4,17.8
06-04-1906,18.15,17.65
07-04-1906,18.1,17.45
08-04-1906,18.44,17.67
09-04-1906,18.31,17.75
10-04-1906,18.79,17.9
11-04-1906,19.24,18.25
12-04-1906,18.88,17.29
13-04-1906,17.38,16.4
14-04-1906,16.95,16.25
15-04-1906,17.48,16.65
16-04-1906,17.17,16.2
17-04-1906,16.46,15.98
18-04-1906,16.15,15.7
19-04-1906,15.99,15.41
20-04-1906,15.48,15.21
21-04-1906,15.45,15.22
22-04-1906,15.49,15.27
23-04-1906,15.5,15.25
24-04-1906,15.43,15.04
25-04-1906,15.3,15.1
26-04-1906,15.4,15.11
27-04-1906,15.65,14.81
28-04-1906,15.2,14.75
29-04-1906,15.4,14.8
30-04-1906,15.25,14.85
01-05-1906,15.55,14.95
02-05-1906,16.25,15.2
03-05-1906,16.65,16.05
04-05-1906,16.75,16.4
05-05-1906,17,16.35
06-05-1906,17.1,16.65
07-05-1906,17.3,16.7
08-05-1906,17.25,16.95
09-05-1906,17.3,16.35
10-05-1906,17.95,17.3
11-05-1906,17.6,17.2
12-05-1906,17.7,17.1
13-05-1906,18.05,17.35
14-05-1906,18.15,17.85
15-05-1906,18.35,17.8
16-05-1906,18.35,17.8
17-05-1906,18.75,18.3
18-05-1906,18.9,18.4
19-05-1906,19.35,18.35
20-05-1906,19.2,17.25
21-05-1906,17.8,17.05
22-05-1906,17.85,17.1
23-05-1906,17.6,17.15
24-05-1906,17.8,17.15
25-05-1906,17.85,17.45
26-05-1906,18.15,17.8
27-05-1906,18.55,18
28-05-1906,18.35,17.85
29-05-1906,19.15,18.05
30-05-1906,19.5,18.85
31-05-1906,19.8,19.15
01-06-1906,19.75,19.25
02-06-1906,20.2,19.4
03-06-1906,19.65,19.3
04-06-1906,19.8,19.05
05-06-1906,19.95,19.05
06-06-1906,19.45,18.95
07-06-1906,19.35,18.8
08-06-1906,19.2,18.55
09-06-1906,19.1,18.25
10-06-1906,18.7,18.2
11-06-1906,18.65,17.85
12-06-1906,18.25,17.95
13-06-1906,18.1,17.65
14-06-1906,18.15,17.65
15-06-1906,17.45,17.25
16-06-1906,17.65,17.35
17-06-1906,17.65,17.3
18-06-1906,17.6,17.2
19-06-1906,18.15,17.4
20-06-1906,18.2,17.5
21-06-1906,18.05,17.55
22-06-1906,18.15,17.65
23-06-1906,18.1,17.65
24-06-1906,18.7,18.1
25-06-1906,18.5,17.75
26-06-1906,18.55,17.45
27-06-1906,17.85,17.25
28-06-1906,17.55,17
29-06-1906,18.1,17
30-06-1906,18.25,17.5
01-07-1906,19.5,17.9
02-07-1906,21,19.6
03-07-1906,21.35,20.6
04-07-1906,20.85,19.75
05-07-1906,21.4,20.65
06-07-1906,21.45,20.75
07-07-1906,21.45,20.7
08-07-1906,22.1,21.3
09-07-1906,21.7,20.3
10-07-1906,20.35,19.3
11-07-1906,20.15,19.1
12-07-1906,19.85,18.6
13-07-1906,20.25,18.65
14-07-1906,19.7,19
15-07-1906,19.5,18.55
16-07-1906,20.8,19.3
17-07-1906,21.35,20.25
18-07-1906,22.5,21
19-07-1906,22.2,20.9
20-07-1906,22.45,21.2
21-07-1906,22.3,21.4
22-07-1906,23.2,22.3
23-07-1906,23.15,21.9
24-07-1906,22,21.35
25-07-1906,22.4,21.15
26-07-1906,22.45,21.85
27-07-1906,22.7,21.85
28-07-1906,23.2,22.25
29-07-1906,23.7,22.45
30-07-1906,24,23.15
31-07-1906,24.25,23.9
01-08-1906,24.5,24
02-08-1906,24.55,24
03-08-1906,24.4,23.85
04-08-1906,25.05,24.05
05-08-1906,24.85,24.25
06-08-1906,25.05,23.65
07-08-1906,24.7,24
08-08-1906,25.6,24.45
09-08-1906,25.9,24.9
10-08-1906,26.4,25.4
11-08-1906,26.15,25.4
12-08-1906,26.7,25
13-08-1906,26.8,26
14-08-1906,28.1,26.7
15-08-1906,27.9,27.2
16-08-1906,28.05,27.05
17-08-1906,28.45,27.05
18-08-1906,29.2,27.25
19-08-1906,29.35,27.3
20-08-1906,27.95,27.05
21-08-1906,28.75,27.25
22-08-1906,29.9,27.7
23-08-1906,30.25,28.55
24-08-1906,30.75,29.45
25-08-1906,30.25,28.4
26-08-1906,28.5,27.4
27-08-1906,28.1,27.1
28-08-1906,27.65,26.45
29-08-1906,28.5,26.85
30-08-1906,29.6,27.55
31-08-1906,29.2,28.65
01-09-1906,30.65,28.85
02-09-1906,30.45,25.6
03-09-1906,27.45,25.7
04-09-1906,26.5,24.9
05-09-1906,26.9,24.15
06-09-1906,28.5,26.5
07-09-1906,29.05,27.3
08-09-1906,32,27.95
09-09-1906,30.85,29.1
10-09-1906,31,28.6
11-09-1906,30.1,28
12-09-1906,29.4,28.15
13-09-1906,28.1,27.1
14-09-1906,30.05,27.8
15-09-1906,32.35,29.95
16-09-1906,31.65,29.25
17-09-1906,30.2,29.15
18-09-1906,30.45,28.75
19-09-1906,30.85,29.55
20-09-1906,29.9,28.9
21-09-1906,30.7,29.1
22-09-1906,29.75,27.65
23-09-1906,28.2,26.7
24-09-1906,28.6,26.15
25-09-1906,29.05,27.5
26-09-1906,27.7,26.75
27-09-1906,27.2,26.2
28-09-1906,26.45,24.4
29-09-1906,24.8,22.7
30-09-1906,22.9,22.35
01-10-1906,23.3,22
02-10-1906,23.4,22.55
03-10-1906,23.1,21.9
04-10-1906,22.65,20.8
05-10-1906,21.25,20.1
06-10-1906,20.7,19.5
07-10-1906,19.8,18.9
08-10-1906,19,17.75
09-10-1906,18.5,18.2
10-10-1906,18.55,17.65
11-10-1906,19.2,18.2
12-10-1906,19,18.25
13-10-1906,18.9,18.35
14-10-1906,18.3,17.25
